file,label
aaron_staton_00000003.jpg, 3
aaron_staton_00000006.jpg, 3
aaron_staton_00000007.jpg, 3
aaron_staton_00000008.jpg, 3
aaron_staton_00000012.jpg, 3
aaron_staton_00000015.jpg, 3
aaron_staton_00000016.jpg, 3
aaron_staton_00000020.jpg, 3
aaron_staton_00000025.jpg, 3
aaron_staton_00000028.jpg, 3
aaron_staton_00000031.jpg, 3
aaron_staton_00000033.jpg, 3
aaron_staton_00000040.jpg, 3
aaron_staton_00000044.jpg, 3
aaron_staton_00000048.jpg, 3
aaron_staton_00000054.jpg, 3
aaron_staton_00000056.jpg, 3
aaron_staton_00000057.jpg, 3
aaron_staton_00000060.jpg, 3
aaron_staton_00000064.jpg, 3
aaron_staton_00000065.jpg, 3
aaron_staton_00000075.jpg, 3
aaron_staton_00000078.jpg, 3
aaron_staton_00000080.jpg, 3
aaron_staton_00000081.jpg, 3
aaron_staton_00000082.jpg, 3
aaron_staton_00000084.jpg, 3
aaron_staton_00000086.jpg, 3
aaron_staton_00000088.jpg, 3
aaron_staton_00000100.jpg, 3
adam_copeland_00000001.jpg, 17
adam_copeland_00000006.jpg, 17
adam_copeland_00000010.jpg, 17
adam_copeland_00000014.jpg, 17
adam_copeland_00000017.jpg, 17
adam_copeland_00000018.jpg, 17
adam_copeland_00000019.jpg, 17
adam_copeland_00000026.jpg, 17
adam_copeland_00000027.jpg, 17
adam_copeland_00000030.jpg, 17
adam_copeland_00000036.jpg, 17
adam_copeland_00000038.jpg, 17
adam_copeland_00000043.jpg, 17
adam_copeland_00000046.jpg, 17
adam_copeland_00000050.jpg, 17
adam_copeland_00000058.jpg, 17
adam_copeland_00000061.jpg, 17
adam_copeland_00000063.jpg, 17
adam_copeland_00000076.jpg, 17
adam_copeland_00000079.jpg, 17
adam_copeland_00000082.jpg, 17
adam_copeland_00000083.jpg, 17
adam_copeland_00000086.jpg, 17
adam_copeland_00000089.jpg, 17
adam_copeland_00000092.jpg, 17
adam_copeland_00000097.jpg, 17
adam_copeland_00000098.jpg, 17
adam_copeland_00000984.jpg, 17
adam_copeland_00000985.jpg, 17
adam_copeland_00000991.jpg, 17
amitabh_bachchan_00000002.jpg, 101
amitabh_bachchan_00000010.jpg, 101
amitabh_bachchan_00000019.jpg, 101
amitabh_bachchan_00000021.jpg, 101
amitabh_bachchan_00000023.jpg, 101
amitabh_bachchan_00000025.jpg, 101
amitabh_bachchan_00000029.jpg, 101
amitabh_bachchan_00000030.jpg, 101
amitabh_bachchan_00000042.jpg, 101
amitabh_bachchan_00000045.jpg, 101
amitabh_bachchan_00000046.jpg, 101
amitabh_bachchan_00000049.jpg, 101
amitabh_bachchan_00000050.jpg, 101
amitabh_bachchan_00000057.jpg, 101
amitabh_bachchan_00000058.jpg, 101
amitabh_bachchan_00000061.jpg, 101
amitabh_bachchan_00000063.jpg, 101
amitabh_bachchan_00000064.jpg, 101
amitabh_bachchan_00000065.jpg, 101
amitabh_bachchan_00000068.jpg, 101
amitabh_bachchan_00000080.jpg, 101
amitabh_bachchan_00000094.jpg, 101
amitabh_bachchan_00000098.jpg, 101
amitabh_bachchan_00000099.jpg, 101
amitabh_bachchan_00000100.jpg, 101
amitabh_bachchan_00000961.jpg, 101
amitabh_bachchan_00000968.jpg, 101
amitabh_bachchan_00000984.jpg, 101
amitabh_bachchan_00000990.jpg, 101
amitabh_bachchan_00000993.jpg, 101
andrew_rannells_00000002.jpg, 119
andrew_rannells_00000006.jpg, 119
andrew_rannells_00000007.jpg, 119
andrew_rannells_00000010.jpg, 119
andrew_rannells_00000015.jpg, 119
andrew_rannells_00000016.jpg, 119
andrew_rannells_00000018.jpg, 119
andrew_rannells_00000019.jpg, 119
andrew_rannells_00000021.jpg, 119
andrew_rannells_00000022.jpg, 119
andrew_rannells_00000030.jpg, 119
andrew_rannells_00000033.jpg, 119
andrew_rannells_00000038.jpg, 119
andrew_rannells_00000043.jpg, 119
andrew_rannells_00000046.jpg, 119
andrew_rannells_00000051.jpg, 119
andrew_rannells_00000052.jpg, 119
andrew_rannells_00000057.jpg, 119
andrew_rannells_00000060.jpg, 119
andrew_rannells_00000061.jpg, 119
andrew_rannells_00000062.jpg, 119
andrew_rannells_00000064.jpg, 119
andrew_rannells_00000066.jpg, 119
andrew_rannells_00000074.jpg, 119
andrew_rannells_00000079.jpg, 119
andrew_rannells_00000087.jpg, 119
andrew_rannells_00000091.jpg, 119
andrew_rannells_00000092.jpg, 119
andrew_rannells_00000096.jpg, 119
andrew_rannells_00000098.jpg, 119
ben_whishaw_00000003.jpg, 202
ben_whishaw_00000004.jpg, 202
ben_whishaw_00000005.jpg, 202
ben_whishaw_00000006.jpg, 202
ben_whishaw_00000019.jpg, 202
ben_whishaw_00000021.jpg, 202
ben_whishaw_00000023.jpg, 202
ben_whishaw_00000025.jpg, 202
ben_whishaw_00000035.jpg, 202
ben_whishaw_00000037.jpg, 202
ben_whishaw_00000042.jpg, 202
ben_whishaw_00000043.jpg, 202
ben_whishaw_00000045.jpg, 202
ben_whishaw_00000048.jpg, 202
ben_whishaw_00000049.jpg, 202
ben_whishaw_00000054.jpg, 202
ben_whishaw_00000055.jpg, 202
ben_whishaw_00000057.jpg, 202
ben_whishaw_00000059.jpg, 202
ben_whishaw_00000060.jpg, 202
ben_whishaw_00000061.jpg, 202
ben_whishaw_00000063.jpg, 202
ben_whishaw_00000064.jpg, 202
ben_whishaw_00000068.jpg, 202
ben_whishaw_00000071.jpg, 202
ben_whishaw_00000077.jpg, 202
ben_whishaw_00000086.jpg, 202
ben_whishaw_00000088.jpg, 202
ben_whishaw_00000091.jpg, 202
ben_whishaw_00000095.jpg, 202
chris_riggi_00000001.jpg, 366
chris_riggi_00000004.jpg, 366
chris_riggi_00000009.jpg, 366
chris_riggi_00000010.jpg, 366
chris_riggi_00000011.jpg, 366
chris_riggi_00000013.jpg, 366
chris_riggi_00000018.jpg, 366
chris_riggi_00000020.jpg, 366
chris_riggi_00000022.jpg, 366
chris_riggi_00000028.jpg, 366
chris_riggi_00000033.jpg, 366
chris_riggi_00000034.jpg, 366
chris_riggi_00000035.jpg, 366
chris_riggi_00000039.jpg, 366
chris_riggi_00000042.jpg, 366
chris_riggi_00000053.jpg, 366
chris_riggi_00000058.jpg, 366
chris_riggi_00000059.jpg, 366
chris_riggi_00000062.jpg, 366
chris_riggi_00000063.jpg, 366
chris_riggi_00000065.jpg, 366
chris_riggi_00000068.jpg, 366
chris_riggi_00000071.jpg, 366
chris_riggi_00000072.jpg, 366
chris_riggi_00000078.jpg, 366
chris_riggi_00000082.jpg, 366
chris_riggi_00000083.jpg, 366
chris_riggi_00000088.jpg, 366
chris_riggi_00000089.jpg, 366
chris_riggi_00000100.jpg, 366
connie_nielsen_00000001.jpg, 416
connie_nielsen_00000004.jpg, 416
connie_nielsen_00000005.jpg, 416
connie_nielsen_00000008.jpg, 416
connie_nielsen_00000011.jpg, 416
connie_nielsen_00000013.jpg, 416
connie_nielsen_00000018.jpg, 416
connie_nielsen_00000023.jpg, 416
connie_nielsen_00000026.jpg, 416
connie_nielsen_00000030.jpg, 416
connie_nielsen_00000032.jpg, 416
connie_nielsen_00000040.jpg, 416
connie_nielsen_00000045.jpg, 416
connie_nielsen_00000051.jpg, 416
connie_nielsen_00000054.jpg, 416
connie_nielsen_00000057.jpg, 416
connie_nielsen_00000058.jpg, 416
connie_nielsen_00000061.jpg, 416
connie_nielsen_00000065.jpg, 416
connie_nielsen_00000071.jpg, 416
connie_nielsen_00000077.jpg, 416
connie_nielsen_00000082.jpg, 416
connie_nielsen_00000094.jpg, 416
connie_nielsen_00000096.jpg, 416
connie_nielsen_00000097.jpg, 416
connie_nielsen_00000100.jpg, 416
connie_nielsen_00000964.jpg, 416
connie_nielsen_00000970.jpg, 416
connie_nielsen_00000973.jpg, 416
connie_nielsen_00000989.jpg, 416
elaine_hendrix_00000001.jpg, 632
elaine_hendrix_00000003.jpg, 632
elaine_hendrix_00000007.jpg, 632
elaine_hendrix_00000008.jpg, 632
elaine_hendrix_00000009.jpg, 632
elaine_hendrix_00000010.jpg, 632
elaine_hendrix_00000012.jpg, 632
elaine_hendrix_00000013.jpg, 632
elaine_hendrix_00000014.jpg, 632
elaine_hendrix_00000015.jpg, 632
elaine_hendrix_00000016.jpg, 632
elaine_hendrix_00000018.jpg, 632
elaine_hendrix_00000019.jpg, 632
elaine_hendrix_00000024.jpg, 632
elaine_hendrix_00000025.jpg, 632
elaine_hendrix_00000026.jpg, 632
elaine_hendrix_00000029.jpg, 632
elaine_hendrix_00000030.jpg, 632
elaine_hendrix_00000033.jpg, 632
elaine_hendrix_00000044.jpg, 632
elaine_hendrix_00000053.jpg, 632
elaine_hendrix_00000055.jpg, 632
elaine_hendrix_00000062.jpg, 632
elaine_hendrix_00000066.jpg, 632
elaine_hendrix_00000072.jpg, 632
elaine_hendrix_00000073.jpg, 632
elaine_hendrix_00000075.jpg, 632
elaine_hendrix_00000089.jpg, 632
elaine_hendrix_00000091.jpg, 632
elaine_hendrix_00000998.jpg, 632
eli_roth_00000002.jpg, 636
eli_roth_00000014.jpg, 636
eli_roth_00000017.jpg, 636
eli_roth_00000019.jpg, 636
eli_roth_00000020.jpg, 636
eli_roth_00000024.jpg, 636
eli_roth_00000026.jpg, 636
eli_roth_00000029.jpg, 636
eli_roth_00000030.jpg, 636
eli_roth_00000032.jpg, 636
eli_roth_00000034.jpg, 636
eli_roth_00000037.jpg, 636
eli_roth_00000038.jpg, 636
eli_roth_00000042.jpg, 636
eli_roth_00000043.jpg, 636
eli_roth_00000054.jpg, 636
eli_roth_00000057.jpg, 636
eli_roth_00000062.jpg, 636
eli_roth_00000063.jpg, 636
eli_roth_00000065.jpg, 636
eli_roth_00000069.jpg, 636
eli_roth_00000070.jpg, 636
eli_roth_00000078.jpg, 636
eli_roth_00000083.jpg, 636
eli_roth_00000093.jpg, 636
eli_roth_00000099.jpg, 636
eli_roth_00000952.jpg, 636
eli_roth_00000959.jpg, 636
eli_roth_00000963.jpg, 636
eli_roth_00000996.jpg, 636
jeannie_mai_00000003.jpg, 1007
jeannie_mai_00000004.jpg, 1007
jeannie_mai_00000006.jpg, 1007
jeannie_mai_00000011.jpg, 1007
jeannie_mai_00000013.jpg, 1007
jeannie_mai_00000014.jpg, 1007
jeannie_mai_00000032.jpg, 1007
jeannie_mai_00000033.jpg, 1007
jeannie_mai_00000037.jpg, 1007
jeannie_mai_00000045.jpg, 1007
jeannie_mai_00000046.jpg, 1007
jeannie_mai_00000047.jpg, 1007
jeannie_mai_00000050.jpg, 1007
jeannie_mai_00000053.jpg, 1007
jeannie_mai_00000058.jpg, 1007
jeannie_mai_00000061.jpg, 1007
jeannie_mai_00000064.jpg, 1007
jeannie_mai_00000066.jpg, 1007
jeannie_mai_00000068.jpg, 1007
jeannie_mai_00000070.jpg, 1007
jeannie_mai_00000073.jpg, 1007
jeannie_mai_00000075.jpg, 1007
jeannie_mai_00000076.jpg, 1007
jeannie_mai_00000080.jpg, 1007
jeannie_mai_00000081.jpg, 1007
jeannie_mai_00000088.jpg, 1007
jeannie_mai_00000089.jpg, 1007
jeannie_mai_00000091.jpg, 1007
jeannie_mai_00000099.jpg, 1007
jeannie_mai_00000991.jpg, 1007
jennifer_ferrin_00000001.jpg, 1040
jennifer_ferrin_00000003.jpg, 1040
jennifer_ferrin_00000004.jpg, 1040
jennifer_ferrin_00000005.jpg, 1040
jennifer_ferrin_00000008.jpg, 1040
jennifer_ferrin_00000013.jpg, 1040
jennifer_ferrin_00000021.jpg, 1040
jennifer_ferrin_00000024.jpg, 1040
jennifer_ferrin_00000026.jpg, 1040
jennifer_ferrin_00000027.jpg, 1040
jennifer_ferrin_00000028.jpg, 1040
jennifer_ferrin_00000032.jpg, 1040
jennifer_ferrin_00000034.jpg, 1040
jennifer_ferrin_00000039.jpg, 1040
jennifer_ferrin_00000048.jpg, 1040
jennifer_ferrin_00000055.jpg, 1040
jennifer_ferrin_00000057.jpg, 1040
jennifer_ferrin_00000058.jpg, 1040
jennifer_ferrin_00000059.jpg, 1040
jennifer_ferrin_00000065.jpg, 1040
jennifer_ferrin_00000067.jpg, 1040
jennifer_ferrin_00000068.jpg, 1040
jennifer_ferrin_00000070.jpg, 1040
jennifer_ferrin_00000071.jpg, 1040
jennifer_ferrin_00000072.jpg, 1040
jennifer_ferrin_00000073.jpg, 1040
jennifer_ferrin_00000082.jpg, 1040
jennifer_ferrin_00000084.jpg, 1040
jennifer_ferrin_00000088.jpg, 1040
jennifer_ferrin_00000097.jpg, 1040
john_mahoney_00000002.jpg, 1164
john_mahoney_00000003.jpg, 1164
john_mahoney_00000005.jpg, 1164
john_mahoney_00000006.jpg, 1164
john_mahoney_00000009.jpg, 1164
john_mahoney_00000013.jpg, 1164
john_mahoney_00000018.jpg, 1164
john_mahoney_00000020.jpg, 1164
john_mahoney_00000025.jpg, 1164
john_mahoney_00000026.jpg, 1164
john_mahoney_00000028.jpg, 1164
john_mahoney_00000033.jpg, 1164
john_mahoney_00000038.jpg, 1164
john_mahoney_00000040.jpg, 1164
john_mahoney_00000043.jpg, 1164
john_mahoney_00000048.jpg, 1164
john_mahoney_00000050.jpg, 1164
john_mahoney_00000052.jpg, 1164
john_mahoney_00000057.jpg, 1164
john_mahoney_00000062.jpg, 1164
john_mahoney_00000065.jpg, 1164
john_mahoney_00000071.jpg, 1164
john_mahoney_00000072.jpg, 1164
john_mahoney_00000077.jpg, 1164
john_mahoney_00000084.jpg, 1164
john_mahoney_00000090.jpg, 1164
john_mahoney_00000092.jpg, 1164
john_mahoney_00000096.jpg, 1164
john_mahoney_00000098.jpg, 1164
john_mahoney_00000099.jpg, 1164
josh_lucas_00000001.jpg, 1224
josh_lucas_00000006.jpg, 1224
josh_lucas_00000007.jpg, 1224
josh_lucas_00000008.jpg, 1224
josh_lucas_00000009.jpg, 1224
josh_lucas_00000012.jpg, 1224
josh_lucas_00000017.jpg, 1224
josh_lucas_00000020.jpg, 1224
josh_lucas_00000022.jpg, 1224
josh_lucas_00000023.jpg, 1224
josh_lucas_00000031.jpg, 1224
josh_lucas_00000032.jpg, 1224
josh_lucas_00000035.jpg, 1224
josh_lucas_00000036.jpg, 1224
josh_lucas_00000041.jpg, 1224
josh_lucas_00000042.jpg, 1224
josh_lucas_00000048.jpg, 1224
josh_lucas_00000056.jpg, 1224
josh_lucas_00000058.jpg, 1224
josh_lucas_00000061.jpg, 1224
josh_lucas_00000062.jpg, 1224
josh_lucas_00000068.jpg, 1224
josh_lucas_00000069.jpg, 1224
josh_lucas_00000074.jpg, 1224
josh_lucas_00000075.jpg, 1224
josh_lucas_00000076.jpg, 1224
josh_lucas_00000080.jpg, 1224
josh_lucas_00000085.jpg, 1224
josh_lucas_00000091.jpg, 1224
josh_lucas_00000099.jpg, 1224
katherine_jenkins_00000005.jpg, 1296
katherine_jenkins_00000007.jpg, 1296
katherine_jenkins_00000008.jpg, 1296
katherine_jenkins_00000010.jpg, 1296
katherine_jenkins_00000012.jpg, 1296
katherine_jenkins_00000018.jpg, 1296
katherine_jenkins_00000019.jpg, 1296
katherine_jenkins_00000022.jpg, 1296
katherine_jenkins_00000024.jpg, 1296
katherine_jenkins_00000028.jpg, 1296
katherine_jenkins_00000040.jpg, 1296
katherine_jenkins_00000044.jpg, 1296
katherine_jenkins_00000046.jpg, 1296
katherine_jenkins_00000047.jpg, 1296
katherine_jenkins_00000048.jpg, 1296
katherine_jenkins_00000051.jpg, 1296
katherine_jenkins_00000059.jpg, 1296
katherine_jenkins_00000060.jpg, 1296
katherine_jenkins_00000063.jpg, 1296
katherine_jenkins_00000064.jpg, 1296
katherine_jenkins_00000073.jpg, 1296
katherine_jenkins_00000077.jpg, 1296
katherine_jenkins_00000078.jpg, 1296
katherine_jenkins_00000081.jpg, 1296
katherine_jenkins_00000083.jpg, 1296
katherine_jenkins_00000085.jpg, 1296
katherine_jenkins_00000087.jpg, 1296
katherine_jenkins_00000983.jpg, 1296
katherine_jenkins_00000986.jpg, 1296
katherine_jenkins_00001000.jpg, 1296
kathryn_mccormick_00000010.jpg, 1309
kathryn_mccormick_00000011.jpg, 1309
kathryn_mccormick_00000012.jpg, 1309
kathryn_mccormick_00000027.jpg, 1309
kathryn_mccormick_00000037.jpg, 1309
kathryn_mccormick_00000042.jpg, 1309
kathryn_mccormick_00000044.jpg, 1309
kathryn_mccormick_00000048.jpg, 1309
kathryn_mccormick_00000052.jpg, 1309
kathryn_mccormick_00000059.jpg, 1309
kathryn_mccormick_00000063.jpg, 1309
kathryn_mccormick_00000070.jpg, 1309
kathryn_mccormick_00000072.jpg, 1309
kathryn_mccormick_00000073.jpg, 1309
kathryn_mccormick_00000076.jpg, 1309
kathryn_mccormick_00000077.jpg, 1309
kathryn_mccormick_00000088.jpg, 1309
kathryn_mccormick_00000092.jpg, 1309
kathryn_mccormick_00000093.jpg, 1309
kathryn_mccormick_00000099.jpg, 1309
kathryn_mccormick_00000100.jpg, 1309
kathryn_mccormick_00000309.jpg, 1309
kathryn_mccormick_00000311.jpg, 1309
kathryn_mccormick_00000333.jpg, 1309
kathryn_mccormick_00000376.jpg, 1309
kathryn_mccormick_00000388.jpg, 1309
kathryn_mccormick_00000396.jpg, 1309
kathryn_mccormick_00000952.jpg, 1309
kathryn_mccormick_00000959.jpg, 1309
kathryn_mccormick_00000972.jpg, 1309
kelly_rowan_00000010.jpg, 1363
kelly_rowan_00000013.jpg, 1363
kelly_rowan_00000014.jpg, 1363
kelly_rowan_00000017.jpg, 1363
kelly_rowan_00000024.jpg, 1363
kelly_rowan_00000027.jpg, 1363
kelly_rowan_00000029.jpg, 1363
kelly_rowan_00000031.jpg, 1363
kelly_rowan_00000033.jpg, 1363
kelly_rowan_00000036.jpg, 1363
kelly_rowan_00000040.jpg, 1363
kelly_rowan_00000041.jpg, 1363
kelly_rowan_00000054.jpg, 1363
kelly_rowan_00000056.jpg, 1363
kelly_rowan_00000059.jpg, 1363
kelly_rowan_00000065.jpg, 1363
kelly_rowan_00000066.jpg, 1363
kelly_rowan_00000072.jpg, 1363
kelly_rowan_00000073.jpg, 1363
kelly_rowan_00000077.jpg, 1363
kelly_rowan_00000079.jpg, 1363
kelly_rowan_00000087.jpg, 1363
kelly_rowan_00000092.jpg, 1363
kelly_rowan_00000094.jpg, 1363
kelly_rowan_00000954.jpg, 1363
kelly_rowan_00000968.jpg, 1363
kelly_rowan_00000969.jpg, 1363
kelly_rowan_00000983.jpg, 1363
kelly_rowan_00000991.jpg, 1363
kelly_rowan_00000999.jpg, 1363
kiersten_warren_00000003.jpg, 1389
kiersten_warren_00000008.jpg, 1389
kiersten_warren_00000015.jpg, 1389
kiersten_warren_00000019.jpg, 1389
kiersten_warren_00000025.jpg, 1389
kiersten_warren_00000027.jpg, 1389
kiersten_warren_00000028.jpg, 1389
kiersten_warren_00000029.jpg, 1389
kiersten_warren_00000032.jpg, 1389
kiersten_warren_00000038.jpg, 1389
kiersten_warren_00000039.jpg, 1389
kiersten_warren_00000041.jpg, 1389
kiersten_warren_00000044.jpg, 1389
kiersten_warren_00000046.jpg, 1389
kiersten_warren_00000048.jpg, 1389
kiersten_warren_00000050.jpg, 1389
kiersten_warren_00000056.jpg, 1389
kiersten_warren_00000057.jpg, 1389
kiersten_warren_00000058.jpg, 1389
kiersten_warren_00000060.jpg, 1389
kiersten_warren_00000066.jpg, 1389
kiersten_warren_00000068.jpg, 1389
kiersten_warren_00000070.jpg, 1389
kiersten_warren_00000071.jpg, 1389
kiersten_warren_00000082.jpg, 1389
kiersten_warren_00000087.jpg, 1389
kiersten_warren_00000089.jpg, 1389
kiersten_warren_00000098.jpg, 1389
kiersten_warren_00000100.jpg, 1389
kiersten_warren_00000967.jpg, 1389
lana_wachowski_00000001.jpg, 1427
lana_wachowski_00000014.jpg, 1427
lana_wachowski_00000025.jpg, 1427
lana_wachowski_00000050.jpg, 1427
lana_wachowski_00000051.jpg, 1427
lana_wachowski_00000053.jpg, 1427
lana_wachowski_00000055.jpg, 1427
lana_wachowski_00000057.jpg, 1427
lana_wachowski_00000060.jpg, 1427
lana_wachowski_00000063.jpg, 1427
lana_wachowski_00000065.jpg, 1427
lana_wachowski_00000069.jpg, 1427
lana_wachowski_00000071.jpg, 1427
lana_wachowski_00000080.jpg, 1427
lana_wachowski_00000083.jpg, 1427
lana_wachowski_00000086.jpg, 1427
lana_wachowski_00000093.jpg, 1427
lana_wachowski_00000095.jpg, 1427
lana_wachowski_00000311.jpg, 1427
lana_wachowski_00000315.jpg, 1427
lana_wachowski_00000331.jpg, 1427
lana_wachowski_00000336.jpg, 1427
lana_wachowski_00000356.jpg, 1427
lana_wachowski_00000371.jpg, 1427
lana_wachowski_00000383.jpg, 1427
lana_wachowski_00000950.jpg, 1427
lana_wachowski_00000956.jpg, 1427
lana_wachowski_00000972.jpg, 1427
lana_wachowski_00000976.jpg, 1427
lana_wachowski_00000980.jpg, 1427
lauren_bowles_00000002.jpg, 1440
lauren_bowles_00000003.jpg, 1440
lauren_bowles_00000004.jpg, 1440
lauren_bowles_00000007.jpg, 1440
lauren_bowles_00000009.jpg, 1440
lauren_bowles_00000010.jpg, 1440
lauren_bowles_00000014.jpg, 1440
lauren_bowles_00000016.jpg, 1440
lauren_bowles_00000018.jpg, 1440
lauren_bowles_00000022.jpg, 1440
lauren_bowles_00000024.jpg, 1440
lauren_bowles_00000030.jpg, 1440
lauren_bowles_00000032.jpg, 1440
lauren_bowles_00000035.jpg, 1440
lauren_bowles_00000039.jpg, 1440
lauren_bowles_00000040.jpg, 1440
lauren_bowles_00000043.jpg, 1440
lauren_bowles_00000046.jpg, 1440
lauren_bowles_00000048.jpg, 1440
lauren_bowles_00000066.jpg, 1440
lauren_bowles_00000067.jpg, 1440
lauren_bowles_00000077.jpg, 1440
lauren_bowles_00000078.jpg, 1440
lauren_bowles_00000082.jpg, 1440
lauren_bowles_00000083.jpg, 1440
lauren_bowles_00000084.jpg, 1440
lauren_bowles_00000086.jpg, 1440
lauren_bowles_00000090.jpg, 1440
lauren_bowles_00000095.jpg, 1440
lauren_bowles_00000097.jpg, 1440
lennie_james_00000001.jpg, 1464
lennie_james_00000005.jpg, 1464
lennie_james_00000014.jpg, 1464
lennie_james_00000015.jpg, 1464
lennie_james_00000017.jpg, 1464
lennie_james_00000021.jpg, 1464
lennie_james_00000022.jpg, 1464
lennie_james_00000024.jpg, 1464
lennie_james_00000032.jpg, 1464
lennie_james_00000034.jpg, 1464
lennie_james_00000038.jpg, 1464
lennie_james_00000044.jpg, 1464
lennie_james_00000045.jpg, 1464
lennie_james_00000049.jpg, 1464
lennie_james_00000051.jpg, 1464
lennie_james_00000054.jpg, 1464
lennie_james_00000056.jpg, 1464
lennie_james_00000060.jpg, 1464
lennie_james_00000064.jpg, 1464
lennie_james_00000065.jpg, 1464
lennie_james_00000067.jpg, 1464
lennie_james_00000068.jpg, 1464
lennie_james_00000069.jpg, 1464
lennie_james_00000070.jpg, 1464
lennie_james_00000078.jpg, 1464
lennie_james_00000084.jpg, 1464
lennie_james_00000085.jpg, 1464
lennie_james_00000090.jpg, 1464
lennie_james_00000096.jpg, 1464
lennie_james_00000099.jpg, 1464
marshall_allman_00000004.jpg, 1630
marshall_allman_00000005.jpg, 1630
marshall_allman_00000010.jpg, 1630
marshall_allman_00000012.jpg, 1630
marshall_allman_00000016.jpg, 1630
marshall_allman_00000017.jpg, 1630
marshall_allman_00000025.jpg, 1630
marshall_allman_00000027.jpg, 1630
marshall_allman_00000028.jpg, 1630
marshall_allman_00000030.jpg, 1630
marshall_allman_00000033.jpg, 1630
marshall_allman_00000034.jpg, 1630
marshall_allman_00000041.jpg, 1630
marshall_allman_00000042.jpg, 1630
marshall_allman_00000043.jpg, 1630
marshall_allman_00000046.jpg, 1630
marshall_allman_00000047.jpg, 1630
marshall_allman_00000053.jpg, 1630
marshall_allman_00000065.jpg, 1630
marshall_allman_00000070.jpg, 1630
marshall_allman_00000071.jpg, 1630
marshall_allman_00000072.jpg, 1630
marshall_allman_00000073.jpg, 1630
marshall_allman_00000074.jpg, 1630
marshall_allman_00000084.jpg, 1630
marshall_allman_00000087.jpg, 1630
marshall_allman_00000090.jpg, 1630
marshall_allman_00000093.jpg, 1630
marshall_allman_00000099.jpg, 1630
marshall_allman_00000100.jpg, 1630
michael_gambon_00000003.jpg, 1737
michael_gambon_00000004.jpg, 1737
michael_gambon_00000006.jpg, 1737
michael_gambon_00000009.jpg, 1737
michael_gambon_00000010.jpg, 1737
michael_gambon_00000011.jpg, 1737
michael_gambon_00000012.jpg, 1737
michael_gambon_00000018.jpg, 1737
michael_gambon_00000022.jpg, 1737
michael_gambon_00000023.jpg, 1737
michael_gambon_00000025.jpg, 1737
michael_gambon_00000026.jpg, 1737
michael_gambon_00000039.jpg, 1737
michael_gambon_00000042.jpg, 1737
michael_gambon_00000050.jpg, 1737
michael_gambon_00000051.jpg, 1737
michael_gambon_00000061.jpg, 1737
michael_gambon_00000065.jpg, 1737
michael_gambon_00000068.jpg, 1737
michael_gambon_00000073.jpg, 1737
michael_gambon_00000077.jpg, 1737
michael_gambon_00000082.jpg, 1737
michael_gambon_00000083.jpg, 1737
michael_gambon_00000084.jpg, 1737
michael_gambon_00000088.jpg, 1737
michael_gambon_00000091.jpg, 1737
michael_gambon_00000097.jpg, 1737
michael_gambon_00000098.jpg, 1737
michael_gambon_00000100.jpg, 1737
michael_gambon_00000992.jpg, 1737
moran_atias_00000005.jpg, 1807
moran_atias_00000007.jpg, 1807
moran_atias_00000008.jpg, 1807
moran_atias_00000009.jpg, 1807
moran_atias_00000016.jpg, 1807
moran_atias_00000017.jpg, 1807
moran_atias_00000019.jpg, 1807
moran_atias_00000023.jpg, 1807
moran_atias_00000025.jpg, 1807
moran_atias_00000027.jpg, 1807
moran_atias_00000029.jpg, 1807
moran_atias_00000030.jpg, 1807
moran_atias_00000033.jpg, 1807
moran_atias_00000040.jpg, 1807
moran_atias_00000041.jpg, 1807
moran_atias_00000042.jpg, 1807
moran_atias_00000054.jpg, 1807
moran_atias_00000056.jpg, 1807
moran_atias_00000057.jpg, 1807
moran_atias_00000058.jpg, 1807
moran_atias_00000064.jpg, 1807
moran_atias_00000068.jpg, 1807
moran_atias_00000077.jpg, 1807
moran_atias_00000082.jpg, 1807
moran_atias_00000091.jpg, 1807
moran_atias_00000095.jpg, 1807
moran_atias_00000097.jpg, 1807
moran_atias_00000098.jpg, 1807
moran_atias_00000984.jpg, 1807
moran_atias_00000997.jpg, 1807
ralf_little_00000001.jpg, 2019
ralf_little_00000003.jpg, 2019
ralf_little_00000005.jpg, 2019
ralf_little_00000006.jpg, 2019
ralf_little_00000009.jpg, 2019
ralf_little_00000012.jpg, 2019
ralf_little_00000013.jpg, 2019
ralf_little_00000017.jpg, 2019
ralf_little_00000020.jpg, 2019
ralf_little_00000022.jpg, 2019
ralf_little_00000024.jpg, 2019
ralf_little_00000028.jpg, 2019
ralf_little_00000030.jpg, 2019
ralf_little_00000034.jpg, 2019
ralf_little_00000041.jpg, 2019
ralf_little_00000044.jpg, 2019
ralf_little_00000045.jpg, 2019
ralf_little_00000046.jpg, 2019
ralf_little_00000048.jpg, 2019
ralf_little_00000059.jpg, 2019
ralf_little_00000065.jpg, 2019
ralf_little_00000074.jpg, 2019
ralf_little_00000081.jpg, 2019
ralf_little_00000087.jpg, 2019
ralf_little_00000088.jpg, 2019
ralf_little_00000089.jpg, 2019
ralf_little_00000090.jpg, 2019
ralf_little_00000094.jpg, 2019
ralf_little_00000100.jpg, 2019
ralf_little_00000964.jpg, 2019
salli_richardson-whitfield_00000003.jpg, 2163
salli_richardson-whitfield_00000007.jpg, 2163
salli_richardson-whitfield_00000009.jpg, 2163
salli_richardson-whitfield_00000014.jpg, 2163
salli_richardson-whitfield_00000017.jpg, 2163
salli_richardson-whitfield_00000020.jpg, 2163
salli_richardson-whitfield_00000023.jpg, 2163
salli_richardson-whitfield_00000024.jpg, 2163
salli_richardson-whitfield_00000025.jpg, 2163
salli_richardson-whitfield_00000026.jpg, 2163
salli_richardson-whitfield_00000027.jpg, 2163
salli_richardson-whitfield_00000036.jpg, 2163
salli_richardson-whitfield_00000039.jpg, 2163
salli_richardson-whitfield_00000043.jpg, 2163
salli_richardson-whitfield_00000047.jpg, 2163
salli_richardson-whitfield_00000052.jpg, 2163
salli_richardson-whitfield_00000053.jpg, 2163
salli_richardson-whitfield_00000055.jpg, 2163
salli_richardson-whitfield_00000058.jpg, 2163
salli_richardson-whitfield_00000059.jpg, 2163
salli_richardson-whitfield_00000071.jpg, 2163
salli_richardson-whitfield_00000073.jpg, 2163
salli_richardson-whitfield_00000079.jpg, 2163
salli_richardson-whitfield_00000084.jpg, 2163
salli_richardson-whitfield_00000087.jpg, 2163
salli_richardson-whitfield_00000089.jpg, 2163
salli_richardson-whitfield_00000092.jpg, 2163
salli_richardson-whitfield_00000099.jpg, 2163
salli_richardson-whitfield_00000972.jpg, 2163
salli_richardson-whitfield_00000976.jpg, 2163
tommy_morrison_00000006.jpg, 2485
tommy_morrison_00000012.jpg, 2485
tommy_morrison_00000032.jpg, 2485
tommy_morrison_00000041.jpg, 2485
tommy_morrison_00000043.jpg, 2485
tommy_morrison_00000045.jpg, 2485
tommy_morrison_00000061.jpg, 2485
tommy_morrison_00000063.jpg, 2485
tommy_morrison_00000064.jpg, 2485
tommy_morrison_00000065.jpg, 2485
tommy_morrison_00000067.jpg, 2485
tommy_morrison_00000070.jpg, 2485
tommy_morrison_00000073.jpg, 2485
tommy_morrison_00000074.jpg, 2485
tommy_morrison_00000075.jpg, 2485
tommy_morrison_00000076.jpg, 2485
tommy_morrison_00000079.jpg, 2485
tommy_morrison_00000080.jpg, 2485
tommy_morrison_00000081.jpg, 2485
tommy_morrison_00000083.jpg, 2485
tommy_morrison_00000085.jpg, 2485
tommy_morrison_00000089.jpg, 2485
tommy_morrison_00000091.jpg, 2485
tommy_morrison_00000100.jpg, 2485
tommy_morrison_00000322.jpg, 2485
tommy_morrison_00000331.jpg, 2485
tommy_morrison_00000347.jpg, 2485
tommy_morrison_00000368.jpg, 2485
tommy_morrison_00000399.jpg, 2485
tommy_morrison_00000973.jpg, 2485
tracy_morgan_00000001.jpg, 2494
tracy_morgan_00000007.jpg, 2494
tracy_morgan_00000009.jpg, 2494
tracy_morgan_00000011.jpg, 2494
tracy_morgan_00000013.jpg, 2494
tracy_morgan_00000021.jpg, 2494
tracy_morgan_00000033.jpg, 2494
tracy_morgan_00000039.jpg, 2494
tracy_morgan_00000041.jpg, 2494
tracy_morgan_00000042.jpg, 2494
tracy_morgan_00000043.jpg, 2494
tracy_morgan_00000045.jpg, 2494
tracy_morgan_00000047.jpg, 2494
tracy_morgan_00000049.jpg, 2494
tracy_morgan_00000053.jpg, 2494
tracy_morgan_00000054.jpg, 2494
tracy_morgan_00000058.jpg, 2494
tracy_morgan_00000064.jpg, 2494
tracy_morgan_00000070.jpg, 2494
tracy_morgan_00000071.jpg, 2494
tracy_morgan_00000077.jpg, 2494
tracy_morgan_00000093.jpg, 2494
tracy_morgan_00000095.jpg, 2494
tracy_morgan_00000097.jpg, 2494
tracy_morgan_00000098.jpg, 2494
tracy_morgan_00000099.jpg, 2494
tracy_morgan_00000965.jpg, 2494
tracy_morgan_00000968.jpg, 2494
tracy_morgan_00000969.jpg, 2494
tracy_morgan_00000989.jpg, 2494
virginia_williams_00000001.jpg, 2543
virginia_williams_00000003.jpg, 2543
virginia_williams_00000004.jpg, 2543
virginia_williams_00000005.jpg, 2543
virginia_williams_00000009.jpg, 2543
virginia_williams_00000010.jpg, 2543
virginia_williams_00000011.jpg, 2543
virginia_williams_00000012.jpg, 2543
virginia_williams_00000014.jpg, 2543
virginia_williams_00000016.jpg, 2543
virginia_williams_00000017.jpg, 2543
virginia_williams_00000025.jpg, 2543
virginia_williams_00000028.jpg, 2543
virginia_williams_00000034.jpg, 2543
virginia_williams_00000040.jpg, 2543
virginia_williams_00000041.jpg, 2543
virginia_williams_00000045.jpg, 2543
virginia_williams_00000048.jpg, 2543
virginia_williams_00000053.jpg, 2543
virginia_williams_00000061.jpg, 2543
virginia_williams_00000074.jpg, 2543
virginia_williams_00000079.jpg, 2543
virginia_williams_00000080.jpg, 2543
virginia_williams_00000081.jpg, 2543
virginia_williams_00000083.jpg, 2543
virginia_williams_00000085.jpg, 2543
virginia_williams_00000086.jpg, 2543
virginia_williams_00000088.jpg, 2543
virginia_williams_00000092.jpg, 2543
virginia_williams_00000097.jpg, 2543
wagner_moura_00000006.jpg, 2546
wagner_moura_00000012.jpg, 2546
wagner_moura_00000019.jpg, 2546
wagner_moura_00000020.jpg, 2546
wagner_moura_00000021.jpg, 2546
wagner_moura_00000025.jpg, 2546
wagner_moura_00000027.jpg, 2546
wagner_moura_00000031.jpg, 2546
wagner_moura_00000033.jpg, 2546
wagner_moura_00000035.jpg, 2546
wagner_moura_00000041.jpg, 2546
wagner_moura_00000043.jpg, 2546
wagner_moura_00000047.jpg, 2546
wagner_moura_00000051.jpg, 2546
wagner_moura_00000052.jpg, 2546
wagner_moura_00000061.jpg, 2546
wagner_moura_00000069.jpg, 2546
wagner_moura_00000082.jpg, 2546
wagner_moura_00000083.jpg, 2546
wagner_moura_00000084.jpg, 2546
wagner_moura_00000087.jpg, 2546
wagner_moura_00000092.jpg, 2546
wagner_moura_00000094.jpg, 2546
wagner_moura_00000095.jpg, 2546
wagner_moura_00000330.jpg, 2546
wagner_moura_00000332.jpg, 2546
wagner_moura_00000377.jpg, 2546
wagner_moura_00000952.jpg, 2546
wagner_moura_00000953.jpg, 2546
wagner_moura_00000957.jpg, 2546
zac_efron_00000001.jpg, 2603
zac_efron_00000003.jpg, 2603
zac_efron_00000007.jpg, 2603
zac_efron_00000012.jpg, 2603
zac_efron_00000018.jpg, 2603
zac_efron_00000020.jpg, 2603
zac_efron_00000021.jpg, 2603
zac_efron_00000022.jpg, 2603
zac_efron_00000024.jpg, 2603
zac_efron_00000025.jpg, 2603
zac_efron_00000031.jpg, 2603
zac_efron_00000033.jpg, 2603
zac_efron_00000038.jpg, 2603
zac_efron_00000039.jpg, 2603
zac_efron_00000040.jpg, 2603
zac_efron_00000041.jpg, 2603
zac_efron_00000043.jpg, 2603
zac_efron_00000044.jpg, 2603
zac_efron_00000046.jpg, 2603
zac_efron_00000059.jpg, 2603
zac_efron_00000063.jpg, 2603
zac_efron_00000065.jpg, 2603
zac_efron_00000066.jpg, 2603
zac_efron_00000071.jpg, 2603
zac_efron_00000079.jpg, 2603
zac_efron_00000085.jpg, 2603
zac_efron_00000093.jpg, 2603
zac_efron_00000962.jpg, 2603
zac_efron_00000966.jpg, 2603
zac_efron_00000976.jpg, 2603